{
    "mods": [
        {
            "directoryName": "Core",
            "languagePaths": [
                ".\\Mods\\Core\\TypingLanguages\\EN.json",
                ".\\Mods\\Core\\TypingLanguages\\FR.json",
                ".\\Mods\\Core\\TypingLanguages\\SC.json"
            ],
            "tccPaths": [
                ".\\Mods\\Core\\TypingChallenges\\Collections\\Collection-FirstLetterDebug.json",
                ".\\Mods\\Core\\TypingChallenges\\Collections\\Collection-OneCharAlphabetLower.json",
                ".\\Mods\\Core\\TypingChallenges\\Collections\\Collection-OneCharAlphabetUpper.json",
                ".\\Mods\\Core\\TypingChallenges\\Collections\\Collection-OneCharNumbers.json",
                ".\\Mods\\Core\\TypingChallenges\\Collections\\Collection-OrderedTcTest.json",
                ".\\Mods\\Core\\TypingChallenges\\Collections\\Collection-Portal.json",
                ".\\Mods\\Core\\TypingChallenges\\Collections\\Collection-Question-EN.json",
                ".\\Mods\\Core\\TypingChallenges\\Collections\\Collection-SentenceConstructionTest.json",
                ".\\Mods\\Core\\TypingChallenges\\Collections\\Collection-VeryShortWords.json"
            ],
            "typingContextPaths": [
                ".\\Mods\\Core\\TypingChallenges\\Contexts\\Context-Inherent-Melee.json",
                ".\\Mods\\Core\\TypingChallenges\\Contexts\\Context-Inherent-Throw.json",
                ".\\Mods\\Core\\TypingChallenges\\Contexts\\Context-Inherent-ThrowMelee.json",
                ".\\Mods\\Core\\TypingChallenges\\Contexts\\Context-OrderedTest.json",
                ".\\Mods\\Core\\TypingChallenges\\Contexts\\Context-OrderedTest2.json",
                ".\\Mods\\Core\\TypingChallenges\\Contexts\\Context-Portal.json",
                ".\\Mods\\Core\\TypingChallenges\\Contexts\\Context-Question.json",
                ".\\Mods\\Core\\TypingChallenges\\Contexts\\Context-Reaction.json"
            ]
        }
    ]
}