{
    "name": "簡化字 - Simplified Chinese",
    "id": "SC",
    "description": "簡化字",
    "hasSkipSpacingRule": true,
    "hasSkipNumbersRule": true,
    "hasSkipSymbolsRule": true,
    "hasSkipPunctuationRule": true,
    "hasCaseReplacementRule": true,
    "rules": [
        {
            "name": "Minuscules Accentuées",
            "description": "",
            "isForced": true,
            "replacements": [
                {
                    "tcs": "āáǎà",
                    "rc": "a"
                },
                {
                    "tcs": "ēéěè",
                    "rc": "e"
                },
                {
                    "tcs": "īíǐì",
                    "rc": "i"
                },
				{
                    "tcs": "ōóǒò",
                    "rc": "o"
                },
				{
                    "tcs": "ūúǔù",
                    "rc": "u"
                }
            ]
        }
    ]
}