{
    "name": "Français",
    "id": "FR",
    "description": "Langue Française",
    "hasSkipSpacingRule": true,
    "hasSkipNumbersRule": true,
    "hasSkipSymbolsRule": true,
    "hasSkipPunctuationRule": true,
    "hasCaseReplacementRule": true,
    "rules": [
        {
            "name": "Minuscules Accentuées",
            "description": "",
            "isForced": true,
            "replacements": [
                {
                    "tcs": "ëêèé",
                    "rc": "e"
                },
                {
                    "tcs": "ç",
                    "rc": "c"
                },
                {
                    "tcs": "àâä",
                    "rc": "a"
                },
				{
                    "tcs": "îï",
                    "rc": "i"
                },
				{
                    "tcs": "ôö",
                    "rc": "o"
                }
            ]
        },
        {
            "name": "Caractères ignorés",
            "description": "",
            "isForced": true,
            "replacements": [
                {
                    "tcs": "æ",
                    "rc": ""
                },
                {
                    "tcs": "œ",
                    "rc": ""
                }
            ]
        }
    ]
}