{
  "name": "VeryShortWords",
  "compatibleLanguages": [
    "EN"
  ],
  "contextKeys": [
    "InherentMelee",
    "InherentThrow",
    "InherentThrowMelee"
  ],
  "typingChallenges": [
    {
      "displayText": null,
      "referenceText": "Quid",
      "linkedChallengeCount": 0,
      "definition": null,
      "difficultyModifier": 0
    },
    {
      "displayText": null,
      "referenceText": "Quest",
      "linkedChallengeCount": 0,
      "definition": null,
      "difficultyModifier": 0
    },
    {
      "displayText": null,
      "referenceText": "West",
      "linkedChallengeCount": 0,
      "definition": null,
      "difficultyModifier": 0
    },
    {
      "displayText": null,
      "referenceText": "Will",
      "linkedChallengeCount": 0,
      "definition": null,
      "difficultyModifier": 0
    },
    {
      "displayText": null,
      "referenceText": "East",
      "linkedChallengeCount": 0,
      "definition": null,
      "difficultyModifier": 0
    },
    {
      "displayText": null,
      "referenceText": "Eager",
      "linkedChallengeCount": 0,
      "definition": null,
      "difficultyModifier": 0
    },
    {
      "displayText": null,
      "referenceText": "Ether",
      "linkedChallengeCount": 0,
      "definition": null,
      "difficultyModifier": 0
    },
    {
      "displayText": null,
      "referenceText": "Risk",
      "linkedChallengeCount": 0,
      "definition": null,
      "difficultyModifier": 0
    },
    {
      "displayText": null,
      "referenceText": "Ripe",
      "linkedChallengeCount": 0,
      "definition": null,
      "difficultyModifier": 0
    },
    {
      "displayText": null,
      "referenceText": "Tree",
      "linkedChallengeCount": 0,
      "definition": null,
      "difficultyModifier": 0
    },
    {
      "displayText": null,
      "referenceText": "Toll",
      "linkedChallengeCount": 0,
      "definition": null,
      "difficultyModifier": 0
    },
    {
      "displayText": null,
      "referenceText": "Tax",
      "linkedChallengeCount": 0,
      "definition": null,
      "difficultyModifier": 0
    },
    {
      "displayText": null,
      "referenceText": "Yup",
      "linkedChallengeCount": 0,
      "definition": null,
      "difficultyModifier": 0
    },
    {
      "displayText": null,
      "referenceText": "Upper",
      "linkedChallengeCount": 0,
      "definition": null,
      "difficultyModifier": 0
    },
    {
      "displayText": null,
      "referenceText": "Under",
      "linkedChallengeCount": 0,
      "definition": null,
      "difficultyModifier": 0
    },
    {
      "displayText": null,
      "referenceText": "Indie",
      "linkedChallengeCount": 0,
      "definition": null,
      "difficultyModifier": 0
    },
    {
      "displayText": null,
      "referenceText": "It",
      "linkedChallengeCount": 0,
      "definition": null,
      "difficultyModifier": 0
    },
    {
      "displayText": null,
      "referenceText": "Ink",
      "linkedChallengeCount": 0,
      "definition": null,
      "difficultyModifier": 0
    },
    {
      "displayText": null,
      "referenceText": "Over",
      "linkedChallengeCount": 0,
      "definition": null,
      "difficultyModifier": 0
    },
    {
      "displayText": null,
      "referenceText": "OwO",
      "linkedChallengeCount": 0,
      "definition": null,
      "difficultyModifier": 0
    },
    {
      "displayText": null,
      "referenceText": "Oath",
      "linkedChallengeCount": 0,
      "definition": null,
      "difficultyModifier": 0
    },
    {
      "displayText": null,
      "referenceText": "Orcs",
      "linkedChallengeCount": 0,
      "definition": null,
      "difficultyModifier": 0
    },
    {
      "displayText": null,
      "referenceText": "Odd",
      "linkedChallengeCount": 0,
      "definition": null,
      "difficultyModifier": 0
    },
    {
      "displayText": null,
      "referenceText": "Past",
      "linkedChallengeCount": 0,
      "definition": null,
      "difficultyModifier": 0
    },
    {
      "displayText": null,
      "referenceText": "Part",
      "linkedChallengeCount": 0,
      "definition": null,
      "difficultyModifier": 0
    },
    {
      "displayText": null,
      "referenceText": "Pug",
      "linkedChallengeCount": 0,
      "definition": null,
      "difficultyModifier": 0
    },
    {
      "displayText": null,
      "referenceText": "Puff",
      "linkedChallengeCount": 0,
      "definition": null,
      "difficultyModifier": 0
    },
    {
      "displayText": null,
      "referenceText": "Ask",
      "linkedChallengeCount": 0,
      "definition": null,
      "difficultyModifier": 0
    },
    {
      "displayText": null,
      "referenceText": "Art",
      "linkedChallengeCount": 0,
      "definition": null,
      "difficultyModifier": 0
    },
    {
      "displayText": null,
      "referenceText": "Ankle",
      "linkedChallengeCount": 0,
      "definition": null,
      "difficultyModifier": 0
    },
    {
      "displayText": null,
      "referenceText": "Ankh",
      "linkedChallengeCount": 0,
      "definition": null,
      "difficultyModifier": 0
    },
    {
      "displayText": null,
      "referenceText": "Siren",
      "linkedChallengeCount": 0,
      "definition": null,
      "difficultyModifier": 0
    },
    {
      "displayText": null,
      "referenceText": "Silent",
      "linkedChallengeCount": 0,
      "definition": null,
      "difficultyModifier": 0
    },
    {
      "displayText": null,
      "referenceText": "Sin",
      "linkedChallengeCount": 0,
      "definition": null,
      "difficultyModifier": 0
    },
    {
      "displayText": null,
      "referenceText": "Sun",
      "linkedChallengeCount": 0,
      "definition": null,
      "difficultyModifier": 0
    },
    {
      "displayText": null,
      "referenceText": "Sub",
      "linkedChallengeCount": 0,
      "definition": null,
      "difficultyModifier": 0
    },
    {
      "displayText": null,
      "referenceText": "Stub",
      "linkedChallengeCount": 0,
      "definition": null,
      "difficultyModifier": 0
    },
    {
      "displayText": null,
      "referenceText": "Dad",
      "linkedChallengeCount": 0,
      "definition": null,
      "difficultyModifier": 0
    },
    {
      "displayText": null,
      "referenceText": "Daft",
      "linkedChallengeCount": 0,
      "definition": null,
      "difficultyModifier": 0
    },
    {
      "displayText": null,
      "referenceText": "Dart",
      "linkedChallengeCount": 0,
      "definition": null,
      "difficultyModifier": 0
    },
    {
      "displayText": null,
      "referenceText": "Damn",
      "linkedChallengeCount": 0,
      "definition": null,
      "difficultyModifier": 0
    },
    {
      "displayText": null,
      "referenceText": "Dip",
      "linkedChallengeCount": 0,
      "definition": null,
      "difficultyModifier": 0
    },
    {
      "displayText": null,
      "referenceText": "Dire",
      "linkedChallengeCount": 0,
      "definition": null,
      "difficultyModifier": 0
    },
    {
      "displayText": null,
      "referenceText": "Friend",
      "linkedChallengeCount": 0,
      "definition": null,
      "difficultyModifier": 0
    },
    {
      "displayText": null,
      "referenceText": "Fire",
      "linkedChallengeCount": 0,
      "definition": null,
      "difficultyModifier": 0
    },
    {
      "displayText": null,
      "referenceText": "Fist",
      "linkedChallengeCount": 0,
      "definition": null,
      "difficultyModifier": 0
    },
    {
      "displayText": null,
      "referenceText": "Five",
      "linkedChallengeCount": 0,
      "definition": null,
      "difficultyModifier": 0
    },
    {
      "displayText": null,
      "referenceText": "Full",
      "linkedChallengeCount": 0,
      "definition": null,
      "difficultyModifier": 0
    },
    {
      "displayText": null,
      "referenceText": "Fume",
      "linkedChallengeCount": 0,
      "definition": null,
      "difficultyModifier": 0
    },
    {
      "displayText": null,
      "referenceText": "Great",
      "linkedChallengeCount": 0,
      "definition": null,
      "difficultyModifier": 0
    },
    {
      "displayText": null,
      "referenceText": "Grand",
      "linkedChallengeCount": 0,
      "definition": null,
      "difficultyModifier": 0
    },
    {
      "displayText": null,
      "referenceText": "Gut",
      "linkedChallengeCount": 0,
      "definition": null,
      "difficultyModifier": 0
    },
    {
      "displayText": null,
      "referenceText": "Gust",
      "linkedChallengeCount": 0,
      "definition": null,
      "difficultyModifier": 0
    },
    {
      "displayText": null,
      "referenceText": "Guard",
      "linkedChallengeCount": 0,
      "definition": null,
      "difficultyModifier": 0
    },
    {
      "displayText": null,
      "referenceText": "Herb",
      "linkedChallengeCount": 0,
      "definition": null,
      "difficultyModifier": 0
    },
    {
      "displayText": null,
      "referenceText": "Heal",
      "linkedChallengeCount": 0,
      "definition": null,
      "difficultyModifier": 0
    },
    {
      "displayText": null,
      "referenceText": "Hop",
      "linkedChallengeCount": 0,
      "definition": null,
      "difficultyModifier": 0
    },
    {
      "displayText": null,
      "referenceText": "Hound",
      "linkedChallengeCount": 0,
      "definition": null,
      "difficultyModifier": 0
    },
    {
      "displayText": null,
      "referenceText": "Haven",
      "linkedChallengeCount": 0,
      "definition": null,
      "difficultyModifier": 0
    },
    {
      "displayText": null,
      "referenceText": "Just",
      "linkedChallengeCount": 0,
      "definition": null,
      "difficultyModifier": 0
    },
    {
      "displayText": null,
      "referenceText": "Judge",
      "linkedChallengeCount": 0,
      "definition": null,
      "difficultyModifier": 0
    },
    {
      "displayText": null,
      "referenceText": "Jolt",
      "linkedChallengeCount": 0,
      "definition": null,
      "difficultyModifier": 0
    },
    {
      "displayText": null,
      "referenceText": "June",
      "linkedChallengeCount": 0,
      "definition": null,
      "difficultyModifier": 0
    },
    {
      "displayText": null,
      "referenceText": "Jab",
      "linkedChallengeCount": 0,
      "definition": null,
      "difficultyModifier": 0
    },
    {
      "displayText": null,
      "referenceText": "Jerk",
      "linkedChallengeCount": 0,
      "definition": null,
      "difficultyModifier": 0
    },
    {
      "displayText": null,
      "referenceText": "Kill",
      "linkedChallengeCount": 0,
      "definition": null,
      "difficultyModifier": 0
    },
    {
      "displayText": null,
      "referenceText": "Kiss",
      "linkedChallengeCount": 0,
      "definition": null,
      "difficultyModifier": 0
    },
    {
      "displayText": null,
      "referenceText": "Kiwi",
      "linkedChallengeCount": 0,
      "definition": null,
      "difficultyModifier": 0
    },
    {
      "displayText": null,
      "referenceText": "Live",
      "linkedChallengeCount": 0,
      "definition": null,
      "difficultyModifier": 0
    },
    {
      "displayText": null,
      "referenceText": "Loss",
      "linkedChallengeCount": 0,
      "definition": null,
      "difficultyModifier": 0
    },
    {
      "displayText": null,
      "referenceText": "Lust",
      "linkedChallengeCount": 0,
      "definition": null,
      "difficultyModifier": 0
    },
    {
      "displayText": null,
      "referenceText": "Last",
      "linkedChallengeCount": 0,
      "definition": null,
      "difficultyModifier": 0
    },
    {
      "displayText": null,
      "referenceText": "Lunar",
      "linkedChallengeCount": 0,
      "definition": null,
      "difficultyModifier": 0
    },
    {
      "displayText": null,
      "referenceText": "Lips",
      "linkedChallengeCount": 0,
      "definition": null,
      "difficultyModifier": 0
    },
    {
      "displayText": null,
      "referenceText": "Zeal",
      "linkedChallengeCount": 0,
      "definition": null,
      "difficultyModifier": 0
    },
    {
      "displayText": null,
      "referenceText": "Zap",
      "linkedChallengeCount": 0,
      "definition": null,
      "difficultyModifier": 0
    },
    {
      "displayText": null,
      "referenceText": "Zebra",
      "linkedChallengeCount": 0,
      "definition": null,
      "difficultyModifier": 0
    },
    {
      "displayText": null,
      "referenceText": "Zoom",
      "linkedChallengeCount": 0,
      "definition": null,
      "difficultyModifier": 0
    },
    {
      "displayText": null,
      "referenceText": "X-ray",
      "linkedChallengeCount": 0,
      "definition": null,
      "difficultyModifier": 0
    },
    {
      "displayText": null,
      "referenceText": "Ray",
      "linkedChallengeCount": 0,
      "definition": null,
      "difficultyModifier": 0
    },
    {
      "displayText": null,
      "referenceText": "Rest",
      "linkedChallengeCount": 0,
      "definition": null,
      "difficultyModifier": 0
    },
    {
      "displayText": null,
      "referenceText": "Xor",
      "linkedChallengeCount": 0,
      "definition": null,
      "difficultyModifier": 0
    },
    {
      "displayText": null,
      "referenceText": "Xand",
      "linkedChallengeCount": 0,
      "definition": null,
      "difficultyModifier": 0
    },
    {
      "displayText": null,
      "referenceText": "Xenon",
      "linkedChallengeCount": 0,
      "definition": null,
      "difficultyModifier": 0
    },
    {
      "displayText": null,
      "referenceText": "Crust",
      "linkedChallengeCount": 0,
      "definition": null,
      "difficultyModifier": 0
    },
    {
      "displayText": null,
      "referenceText": "Cope",
      "linkedChallengeCount": 0,
      "definition": null,
      "difficultyModifier": 0
    },
    {
      "displayText": null,
      "referenceText": "Can't",
      "linkedChallengeCount": 0,
      "definition": null,
      "difficultyModifier": 0
    },
    {
      "displayText": null,
      "referenceText": "Cub",
      "linkedChallengeCount": 0,
      "definition": null,
      "difficultyModifier": 0
    },
    {
      "displayText": null,
      "referenceText": "Crab",
      "linkedChallengeCount": 0,
      "definition": null,
      "difficultyModifier": 0
    },
    {
      "displayText": null,
      "referenceText": "Vile",
      "linkedChallengeCount": 0,
      "definition": null,
      "difficultyModifier": 0
    },
    {
      "displayText": null,
      "referenceText": "Vine",
      "linkedChallengeCount": 0,
      "definition": null,
      "difficultyModifier": 0
    },
    {
      "displayText": "",
      "referenceText": "Wine",
      "linkedChallengeCount": 0,
      "definition": null,
      "difficultyModifier": 0
    },
    {
      "displayText": null,
      "referenceText": "Anger",
      "linkedChallengeCount": 0,
      "definition": null,
      "difficultyModifier": 0
    },
    {
      "displayText": null,
      "referenceText": "Yeast",
      "linkedChallengeCount": 0,
      "definition": null,
      "difficultyModifier": 0
    },
    {
      "displayText": null,
      "referenceText": "Vista",
      "linkedChallengeCount": 0,
      "definition": null,
      "difficultyModifier": 0
    },
    {
      "displayText": null,
      "referenceText": "Vote",
      "linkedChallengeCount": 0,
      "definition": null,
      "difficultyModifier": 0
    },
    {
      "displayText": null,
      "referenceText": "Vast",
      "linkedChallengeCount": 0,
      "definition": null,
      "difficultyModifier": 0
    },
    {
      "displayText": null,
      "referenceText": "Vicar",
      "linkedChallengeCount": 0,
      "definition": null,
      "difficultyModifier": 0
    },
    {
      "displayText": null,
      "referenceText": "Best",
      "linkedChallengeCount": 0,
      "definition": null,
      "difficultyModifier": 0
    },
    {
      "displayText": null,
      "referenceText": "Bait",
      "linkedChallengeCount": 0,
      "definition": null,
      "difficultyModifier": 0
    },
    {
      "displayText": null,
      "referenceText": "Barn",
      "linkedChallengeCount": 0,
      "definition": null,
      "difficultyModifier": 0
    },
    {
      "displayText": null,
      "referenceText": "Bin",
      "linkedChallengeCount": 0,
      "definition": null,
      "difficultyModifier": 0
    },
    {
      "displayText": null,
      "referenceText": "Boost",
      "linkedChallengeCount": 0,
      "definition": null,
      "difficultyModifier": 0
    },
    {
      "displayText": null,
      "referenceText": "Bold",
      "linkedChallengeCount": 0,
      "definition": null,
      "difficultyModifier": 0
    },
    {
      "displayText": null,
      "referenceText": "Bald",
      "linkedChallengeCount": 0,
      "definition": null,
      "difficultyModifier": 0
    },
    {
      "displayText": null,
      "referenceText": "Numb",
      "linkedChallengeCount": 0,
      "definition": null,
      "difficultyModifier": 0
    },
    {
      "displayText": null,
      "referenceText": "Nice",
      "linkedChallengeCount": 0,
      "definition": null,
      "difficultyModifier": 0
    },
    {
      "displayText": null,
      "referenceText": "Nun",
      "linkedChallengeCount": 0,
      "definition": null,
      "difficultyModifier": 0
    },
    {
      "displayText": null,
      "referenceText": "No",
      "linkedChallengeCount": 0,
      "definition": null,
      "difficultyModifier": 0
    },
    {
      "displayText": null,
      "referenceText": "Yes",
      "linkedChallengeCount": 0,
      "definition": null,
      "difficultyModifier": 0
    },
    {
      "displayText": null,
      "referenceText": "Nap",
      "linkedChallengeCount": 0,
      "definition": null,
      "difficultyModifier": 0
    },
    {
      "displayText": null,
      "referenceText": "Mast",
      "linkedChallengeCount": 0,
      "definition": null,
      "difficultyModifier": 0
    },
    {
      "displayText": null,
      "referenceText": "Mace",
      "linkedChallengeCount": 0,
      "definition": null,
      "difficultyModifier": 0
    },
    {
      "displayText": null,
      "referenceText": "Mom",
      "linkedChallengeCount": 0,
      "definition": null,
      "difficultyModifier": 0
    },
    {
      "displayText": null,
      "referenceText": "Mop",
      "linkedChallengeCount": 0,
      "definition": null,
      "difficultyModifier": 0
    },
    {
      "displayText": null,
      "referenceText": "Meat",
      "linkedChallengeCount": 0,
      "definition": null,
      "difficultyModifier": 0
    },
    {
      "displayText": null,
      "referenceText": "Mud",
      "linkedChallengeCount": 0,
      "definition": null,
      "difficultyModifier": 0
    }
  ]
}