{
  "name": "SentenceConstructionTest",
  "compatibleLanguages": [
    "EN"
  ],
  "contextKeys": [
    "OrderedTest"
  ],
  "typingChallenges": [
    {
      "displayText": null,
      "referenceText": "I",
      "linkedChallengeCount": 3,
      "definition": null,
      "difficultyModifier": 0
    },
    {
      "displayText": null,
      "referenceText": "You",
      "linkedChallengeCount": 0,
      "definition": null,
      "difficultyModifier": 0
    },
    {
      "displayText": null,
      "referenceText": "We",
      "linkedChallengeCount": 0,
      "definition": null,
      "difficultyModifier": 0
    },
    {
      "displayText": null,
      "referenceText": "They",
      "linkedChallengeCount": 0,
      "definition": null,
      "difficultyModifier": 0
    },
    {
      "displayText": null,
      "referenceText": "love",
      "linkedChallengeCount": 3,
      "definition": null,
      "difficultyModifier": 0
    },
    {
      "displayText": null,
      "referenceText": "hate",
      "linkedChallengeCount": 0,
      "definition": null,
      "difficultyModifier": 0
    },
    {
      "displayText": null,
      "referenceText": "want",
      "linkedChallengeCount": 0,
      "definition": null,
      "difficultyModifier": 0
    },
    {
      "displayText": null,
      "referenceText": "look at",
      "linkedChallengeCount": 0,
      "definition": null,
      "difficultyModifier": 0
    },
    {
      "displayText": null,
      "referenceText": "your mother!",
      "linkedChallengeCount": 2,
      "definition": null,
      "difficultyModifier": 0
    },
    {
      "displayText": null,
      "referenceText": "the dog.",
      "linkedChallengeCount": 0,
      "definition": null,
      "difficultyModifier": 0
    },
    {
      "displayText": null,
      "referenceText": "the president.",
      "linkedChallengeCount": 0,
      "definition": null,
      "difficultyModifier": 0
    }
  ]
}