<linker>
	<assembly fullname="UnityEngine">
		<type fullname="UnityEngine.Object" preserve="nothing"/>
		<type fullname="UnityEngine.Texture" preserve="nothing"/>
		<type fullname="UnityEditor.MonoScript" preserve="nothing"/>
		<type fullname="UnityEngine.Material" preserve="nothing"/>
		<type fullname="UnityEngine.Texture2D" preserve="nothing"/>
		<type fullname="UnityEditor.UnityConnectSettings" preserve="nothing"/>
		<type fullname="UnityEditor.VFXManager" preserve="nothing"/>
		<type fullname="UnityEngine.Shader" preserve="nothing"/>
		<type fullname="UnityEditor.AudioManager" preserve="nothing"/>
		<type fullname="UnityEditor.PlayerSettings" preserve="nothing"/>
		<type fullname="UnityEngine.TextAsset" preserve="nothing"/>
		<type fullname="UnityEditor.PhysicsManager" preserve="nothing"/>
		<type fullname="UnityEditor.TimeManager" preserve="nothing"/>
		<type fullname="UnityEditor.InputManager" preserve="nothing"/>
		<type fullname="UnityEditor.TagManager" preserve="nothing"/>
		<type fullname="UnityEditor.MonoManager" preserve="nothing"/>
		<type fullname="UnityEngine.Rendering.GraphicsSettings" preserve="nothing"/>
		<type fullname="UnityEngine.QualitySettings" preserve="nothing"/>
		<type fullname="UnityEditor.Physics2DSettings" preserve="nothing"/>
		<type fullname="UnityEngine.Camera" preserve="nothing"/>
		<type fullname="UnityEngine.Transform" preserve="nothing"/>
		<type fullname="UnityEngine.Renderer" preserve="nothing"/>
		<type fullname="UnityEngine.Light" preserve="nothing"/>
		<type fullname="UnityEngine.MeshFilter" preserve="nothing"/>
		<type fullname="UnityEngine.MeshRenderer" preserve="nothing"/>
		<type fullname="UnityEngine.SpriteRenderer" preserve="nothing"/>
		<type fullname="UnityEngine.AudioSource" preserve="nothing"/>
		<type fullname="UnityEngine.AudioBehaviour" preserve="nothing"/>
		<type fullname="UnityEngine.AudioListener" preserve="nothing"/>
		<type fullname="UnityEngine.AudioClip" preserve="nothing"/>
		<type fullname="UnityEngine.ParticleSystem" preserve="nothing"/>
		<type fullname="UnityEngine.ParticleSystemRenderer" preserve="nothing"/>
		<type fullname="UnityEngine.Rigidbody" preserve="nothing"/>
		<type fullname="UnityEngine.Collider" preserve="nothing"/>
		<type fullname="UnityEngine.MeshCollider" preserve="nothing"/>
		<type fullname="UnityEngine.BoxCollider" preserve="nothing"/>
		<type fullname="UnityEngine.SphereCollider" preserve="nothing"/>
		<type fullname="UnityEngine.Canvas" preserve="nothing"/>
		<type fullname="UnityEngine.RectTransform" preserve="nothing"/>
		<type fullname="UnityEngine.Behaviour" preserve="nothing"/>
		<type fullname="UnityEngine.Component" preserve="nothing"/>
		<type fullname="UnityEngine.MonoBehaviour" preserve="nothing"/>
		<type fullname="UnityEngine.GameObject" preserve="nothing"/>
		<type fullname="UnityEngine.LightmapSettings" preserve="nothing"/>
		<type fullname="UnityEngine.Font" preserve="nothing"/>
		<type fullname="UnityEngine.Mesh" preserve="nothing"/>
		<type fullname="UnityEngine.Sprite" preserve="nothing"/>
		<type fullname="UnityEngine.CanvasRenderer" preserve="nothing"/>
		<type fullname="UnityEngine.CanvasGroup" preserve="nothing"/>
		<type fullname="UnityEngine.Cubemap" preserve="nothing"/>
		<type fullname="UnityEngine.RenderSettings" preserve="nothing"/>
		<type fullname="UnityEngine.LightProbes" preserve="nothing"/>
		<type fullname="UnityEngine.AI.NavMeshAgent" preserve="nothing"/>
	</assembly>
	<assembly fullname="Assembly-CSharp">
		<type fullname="AfterImageEffect" preserve="nothing"/>
		<type fullname="AttackModel" preserve="nothing"/>
		<type fullname="AudioAsset" preserve="nothing"/>
		<type fullname="AudioDirector" preserve="nothing"/>
		<type fullname="BasicBehaviorNode" preserve="nothing"/>
		<type fullname="BiomeModel" preserve="nothing"/>
		<type fullname="ChanneledProjectileGroup" preserve="nothing"/>
		<type fullname="Character" preserve="nothing"/>
		<type fullname="CircleProgressBar" preserve="nothing"/>
		<type fullname="ConditionBehaviorNode" preserve="nothing"/>
		<type fullname="CreateThingRoomNode" preserve="nothing"/>
		<type fullname="DG.Tweening.TweenConfigFileColor" preserve="nothing"/>
		<type fullname="DG.Tweening.TweenConfigFileFloat" preserve="nothing"/>
		<type fullname="DG.Tweening.TweenConfigFileShake" preserve="nothing"/>
		<type fullname="DG.Tweening.TweenConfigFileVector3" preserve="nothing"/>
		<type fullname="Effect" preserve="nothing"/>
		<type fullname="EffectsDirector" preserve="nothing"/>
		<type fullname="EndRoomNode" preserve="nothing"/>
		<type fullname="Enemy" preserve="nothing"/>
		<type fullname="EnemyModel" preserve="nothing"/>
		<type fullname="EngagePlayersEnemyNode" preserve="nothing"/>
		<type fullname="FacePlayersThingNode" preserve="nothing"/>
		<type fullname="Game" preserve="nothing"/>
		<type fullname="GameTime" preserve="nothing"/>
		<type fullname="HudDirector" preserve="nothing"/>
		<type fullname="Interactible" preserve="nothing"/>
		<type fullname="InteractibleModel" preserve="nothing"/>
		<type fullname="LineTracer" preserve="nothing"/>
		<type fullname="MainMenu" preserve="nothing"/>
		<type fullname="MapDirector" preserve="nothing"/>
		<type fullname="MapMenu" preserve="nothing"/>
		<type fullname="MapRoom" preserve="nothing"/>
		<type fullname="MapRoomConfig" preserve="nothing"/>
		<type fullname="MenuDirector" preserve="nothing"/>
		<type fullname="ModsDirector" preserve="nothing"/>
		<type fullname="MoveThingRoomNode" preserve="nothing"/>
		<type fullname="PlayerDirector" preserve="nothing"/>
		<type fullname="PlayerHitFeedbacks" preserve="nothing"/>
		<type fullname="PlayerHud" preserve="nothing"/>
		<type fullname="ProfileDirector" preserve="nothing"/>
		<type fullname="Projectile" preserve="nothing"/>
		<type fullname="ProjectileDissolveOnKill" preserve="nothing"/>
		<type fullname="ProjectileModel" preserve="nothing"/>
		<type fullname="RandomOutputBehaviorNode" preserve="nothing"/>
		<type fullname="Room" preserve="nothing"/>
		<type fullname="RoomDirector" preserve="nothing"/>
		<type fullname="RoomNodeGraph" preserve="nothing"/>
		<type fullname="RunDirector" preserve="nothing"/>
		<type fullname="RunOverMenu" preserve="nothing"/>
		<type fullname="SV.Animation.AnimationSystem" preserve="nothing"/>
		<type fullname="SV.Animation.AnimationTools" preserve="nothing"/>
		<type fullname="SV.Animation.SvAnimation" preserve="nothing"/>
		<type fullname="SV.Animation.SvAnimationKeyFrame" preserve="nothing"/>
		<type fullname="StartBehaviorNode" preserve="nothing"/>
		<type fullname="StatsDirector" preserve="nothing"/>
		<type fullname="TextInputDirector" preserve="nothing"/>
		<type fullname="ThingNodeGraph" preserve="nothing"/>
		<type fullname="ThingsDirector" preserve="nothing"/>
		<type fullname="TypingBox" preserve="nothing"/>
		<type fullname="TypingBoxEffectsDirector" preserve="nothing"/>
		<type fullname="TypingBoxesDirector" preserve="nothing"/>
		<type fullname="TypingChallengesDirector" preserve="nothing"/>
		<type fullname="UnlockConditionBiomeCompletionCount" preserve="nothing"/>
		<type fullname="UnlockConditionFloorTime" preserve="nothing"/>
		<type fullname="Weapon" preserve="nothing"/>
		<type fullname="WebsiteConfig" preserve="nothing"/>
		<type fullname="WorldGraph" preserve="nothing"/>
		<type fullname="WorldNode" preserve="nothing"/>
	</assembly>
	<assembly fullname="DOTween">
		<type fullname="DG.Tweening.Core.DOTweenSettings" preserve="nothing"/>
	</assembly>
	<assembly fullname="NavMeshComponents">
		<type fullname="UnityEngine.AI.NavMeshModifierVolume" preserve="nothing"/>
		<type fullname="UnityEngine.AI.NavMeshSurface" preserve="nothing"/>
	</assembly>
	<assembly fullname="Unity.ProBuilder">
		<type fullname="UnityEngine.ProBuilder.ProBuilderMesh" preserve="nothing"/>
	</assembly>
	<assembly fullname="Unity.TextMeshPro">
		<type fullname="TMPro.TMP_Dropdown" preserve="nothing"/>
		<type fullname="TMPro.TMP_FontAsset" preserve="nothing"/>
		<type fullname="TMPro.TMP_Settings" preserve="nothing"/>
		<type fullname="TMPro.TMP_SpriteAsset" preserve="nothing"/>
		<type fullname="TMPro.TMP_StyleSheet" preserve="nothing"/>
		<type fullname="TMPro.TMP_SubMeshUI" preserve="nothing"/>
		<type fullname="TMPro.TextMeshProUGUI" preserve="nothing"/>
	</assembly>
	<assembly fullname="UnityEngine.UI">
		<type fullname="UnityEngine.EventSystems.EventSystem" preserve="nothing"/>
		<type fullname="UnityEngine.EventSystems.StandaloneInputModule" preserve="nothing"/>
		<type fullname="UnityEngine.UI.Button" preserve="nothing"/>
		<type fullname="UnityEngine.UI.CanvasScaler" preserve="nothing"/>
		<type fullname="UnityEngine.UI.GraphicRaycaster" preserve="nothing"/>
		<type fullname="UnityEngine.UI.Image" preserve="nothing"/>
		<type fullname="UnityEngine.UI.Mask" preserve="nothing"/>
		<type fullname="UnityEngine.UI.ScrollRect" preserve="nothing"/>
		<type fullname="UnityEngine.UI.Scrollbar" preserve="nothing"/>
		<type fullname="UnityEngine.UI.Toggle" preserve="nothing"/>
	</assembly>
</linker>
